{"stats":{"minecraft:used":{"exdeorum:crook":256,"allthecompressed:cobblestone_1x":71,"minecraft:torch":11,"minecraft:dirt":2,"exdeorum:silk_worm":2,"allthecompressed:cobblestone_2x":1,"minecraft:granite":1,"integrateddynamics:squeezer":1,"minecraft:wooden_axe":65,"minecraft:basalt":1,"minecraft:oak_sapling":18,"minecraft:furnace":3,"tombstone:gift":4,"exdeorum:oak_sieve":9,"minecraft:iron_ore":1,"minecraft:stone_pickaxe":3,"minecraft:sand":17,"minecraft:oak_slab":133,"minecraft:crafting_table":2,"minecraft:white_bed":1,"croptopia:scrambled_eggs":1,"exdeorum:dust":25,"minecraft:wooden_hoe":1,"exdeorum:oak_barrel":2,"minecraft:sunflower":1,"allthecompressed:sand_1x":2,"allthecompressed:gravel_1x":1,"minecraft:gravel":652,"minecraft:wooden_sword":2,"exdeorum:oak_crucible":1,"exdeorum:compressed_stone_hammer":79},"minecraft:killed":{"minecraft:phantom":1},"minecraft:broken":{"exdeorum:crook":2},"minecraft:killed_by":{"minecraft:player":1},"minecraft:custom":{"minecraft:mob_kills":1,"minecraft:interact_with_crafting_table":115,"minecraft:leave_game":1,"minecraft:time_since_death":49041,"minecraft:sprint_one_cm":21296,"minecraft:walk_one_cm":202532,"minecraft:drop":87,"minecraft:talked_to_villager":3,"minecraft:play_time":138051,"minecraft:deaths":1,"minecraft:sneak_time":15425,"minecraft:jump":396,"minecraft:total_world_time":140000,"minecraft:interact_with_furnace":45,"tombstone:raider_killed":1,"minecraft:time_since_rest":48984,"minecraft:damage_taken":362,"minecraft:damage_dealt":291,"minecraft:fly_one_cm":6025,"minecraft:open_chest":61,"minecraft:crouch_one_cm":44922,"tombstone:undead_killed":1,"minecraft:fall_one_cm":3585},"minecraft:picked_up":{"exdeorum:gold_ore_chunk":82,"exdeorum:dust":20,"allthecompressed:cobblestone_2x":1,"minecraft:enchanted_book":1,"exdeorum:iron_ore_chunk":81,"exdeorum:blackstone_pebble":432,"minecraft:string":153,"exdeorum:granite_pebble":513,"minecraft:raw_copper":12,"exdeorum:string_mesh":13,"exdeorum:zinc_ore_chunk":119,"minecraft:iron_nugget":1,"minecraft:phantom_membrane":1,"minecraft:furnace":1,"minecraft:stick":15,"minecraft:raw_iron":11,"minecraft:torch":2,"minecraft:pointed_dripstone":43,"tombstone:grave_dust":1,"minecraft:redstone":2,"exdeorum:silk_worm":13,"ae2:certus_quartz_dust":1,"exdeorum:diorite_pebble":445,"exdeorum:tin_ore_chunk":55,"everlastingabilities:ability_bottle":4,"exdeorum:andesite_pebble":427,"minecraft:stripped_oak_log":1,"exdeorum:osmium_ore_chunk":34,"exdeorum:basalt_pebble":481,"exdeorum:random_pottery_sherd":1,"minecraft:basalt":17,"minecraft:flint":148,"minecraft:oak_log":60,"minecraft:gunpowder":2,"minecraft:lapis_lazuli":20,"minecraft:dirt":2,"exdeorum:nickel_ore_chunk":56,"ae2:sky_dust":5,"minecraft:wheat_seeds":1,"exdeorum:stone_pebble":2749,"minecraft:glowstone_dust":3,"minecraft:oak_planks":4,"dankstorage:dank_1":1,"minecraft:oak_slab":8,"exdeorum:deepslate_pebble":536,"exdeorum:lead_ore_chunk":55,"allthecompressed:gravel_1x":1,"ae2:certus_quartz_crystal":1,"minecraft:gravel":643,"exdeorum:flint_mesh":3,"minecraft:sand":9,"minecraft:amethyst_shard":16,"minecraft:white_bed":1,"exdeorum:silver_ore_chunk":35,"xycraft_world:xychorium_gem_dark":1,"minecraft:barrel":1,"xycraft_world:xychorium_gem_light":2,"exdeorum:aluminum_ore_chunk":41,"minecraft:diamond":2,"minecraft:granite":64,"minecraft:bone_meal":3,"exdeorum:copper_ore_chunk":72,"minecraft:oak_sapling":27,"minecraft:coal":82,"minecraft:oak_leaves":45,"alltheores:copper_ore_hammer":1,"minecraft:sunflower":1},"minecraft:mined":{"minecraft:white_bed":1,"minecraft:oak_sapling":1,"allthecompressed:cobblestone_2x":1,"allthecompressed:sand_1x":2,"minecraft:furnace":1,"minecraft:iron_ore":1,"minecraft:stripped_oak_log":1,"minecraft:oak_slab":10,"exdeorum:infested_leaves":211,"minecraft:torch":1,"allthecompressed:gravel_1x":1,"minecraft:wall_torch":1,"exdeorum:dust":1,"minecraft:oak_log":31,"minecraft:sunflower":1,"minecraft:dirt":2,"allthecompressed:cobblestone_1x":71,"minecraft:oak_leaves":111},"minecraft:crafted":{"minecraft:oak_planks":51,"minecraft:barrel":3,"minecraft:furnace":2,"allthecompressed:cobblestone_1x":72,"allthecompressed:gravel_1x":7,"alltheores:copper_ore_hammer":1,"exdeorum:string_mesh":9,"minecraft:stone_pickaxe":1,"minecraft:copper_block":2,"exdeorum:stone_hammer":9,"exdeorum:iron_mesh":3,"dankstorage:dank_1":4,"integrateddynamics:squeezer":1,"minecraft:oak_slab":26,"exdeorum:oak_barrel":2,"minecraft:crafting_table":2,"pickletweaks:flint_shears":1,"minecraft:gravel":8,"minecraft:copper_ingot":18,"exdeorum:compressed_stone_hammer":1,"minecraft:copper_ore":12,"minecraft:air":626,"exdeorum:crook":2,"exdeorum:oak_crucible":1,"exdeorum:flint_mesh":9,"minecraft:stick":15,"minecraft:iron_ingot":23,"minecraft:iron_block":1,"allthecompressed:cobblestone_2x":1,"minecraft:iron_ore":19,"exdeorum:oak_sieve":9},"minecraft:dropped":{"exdeorum:basalt_pebble":2,"minecraft:lapis_lazuli":3,"exdeorum:deepslate_pebble":80,"pickletweaks:flint_shears":1,"exdeorum:zinc_ore_chunk":86,"exdeorum:copper_ore_chunk":13,"minecraft:cobblestone":2,"minecraft:granite":64,"exdeorum:iron_ore_chunk":19,"everlastingabilities:ability_bottle":3,"exdeorum:osmium_ore_chunk":11,"minecraft:coal":15,"exdeorum:gold_ore_chunk":58,"exdeorum:dust":1,"exdeorum:silk_worm":1,"alltheores:copper_ore_hammer":1,"tombstone:grave_dust":1,"exdeorum:granite_pebble":24,"exdeorum:stone_pebble":27,"exdeorum:lead_ore_chunk":24,"minecraft:redstone":2,"xycraft_world:xychorium_gem_light":1,"minecraft:gravel":4,"minecraft:pointed_dripstone":1,"exdeorum:silver_ore_chunk":6,"ae2:sky_dust":2,"exdeorum:nickel_ore_chunk":13,"minecraft:gunpowder":1,"exdeorum:tin_ore_chunk":19,"exdeorum:aluminum_ore_chunk":12,"exdeorum:diorite_pebble":18,"minecraft:iron_ore":2,"minecraft:basalt":80,"exdeorum:andesite_pebble":8,"exdeorum:blackstone_pebble":5}},"DataVersion":3465}