{"stats":{"minecraft:used":{"minecraft:stone_pickaxe":8,"minecraft:oak_planks":38,"minecraft:chest":5,"exdeorum:crook":256,"allthecompressed:cobblestone_1x":1,"minecraft:oak_leaves":5,"minecraft:torch":4,"xycraft_world:xychorium_storage_light":2,"minecraft:oak_slab":71,"alltheores:silver_ore":1,"minecraft:white_bed":2,"xycraft_world:xychorium_storage_dark":3,"integrateddynamics:squeezer":1,"exdeorum:dust":9,"minecraft:wooden_axe":3,"minecraft:sunflower":1,"minecraft:oak_button":2,"minecraft:stone_axe":59,"exdeorum:stone_hammer":1,"minecraft:oak_sapling":1,"tombstone:gift":1,"exdeorum:compressed_stone_hammer":1,"minecraft:cooked_beef":3},"minecraft:killed":{"minecraft:phantom":2,"minecraft:trader_llama":2},"minecraft:broken":{"exdeorum:crook":2},"minecraft:killed_by":{"minecraft:phantom":1},"minecraft:custom":{"minecraft:interact_with_furnace":19,"minecraft:mob_kills":4,"tombstone:raider_killed":2,"minecraft:interact_with_crafting_table":36,"minecraft:leave_game":4,"minecraft:time_since_death":26709,"minecraft:sleep_in_bed":1,"minecraft:time_since_rest":22900,"minecraft:sprint_one_cm":61111,"minecraft:damage_taken":844,"minecraft:walk_one_cm":236172,"minecraft:drop":97,"minecraft:damage_dealt":1180,"minecraft:talked_to_villager":20,"minecraft:fly_one_cm":26080,"minecraft:player_kills":1,"minecraft:open_chest":112,"minecraft:crouch_one_cm":31358,"tombstone:undead_killed":2,"minecraft:play_time":131386,"minecraft:deaths":2,"minecraft:sneak_time":10961,"minecraft:jump":632,"minecraft:total_world_time":131386,"minecraft:fall_one_cm":169796},"minecraft:picked_up":{"exdeorum:gold_ore_chunk":13,"exdeorum:osmium_ore_chunk":3,"exdeorum:basalt_pebble":36,"minecraft:leather":2,"minecraft:lead":2,"enderio:grains_of_infinity":2,"minecraft:flint":11,"exdeorum:iron_ore_chunk":24,"minecraft:oak_log":49,"minecraft:gunpowder":3,"exdeorum:blackstone_pebble":28,"minecraft:string":122,"minecraft:lapis_lazuli":7,"minecraft:dirt":3,"exdeorum:nickel_ore_chunk":16,"minecraft:raw_copper":4,"exdeorum:string_mesh":1,"exdeorum:granite_pebble":43,"pickletweaks:flint_shears":1,"xycraft_world:xychorium_storage_dark":8,"ae2:sky_dust":4,"minecraft:apple":1,"minecraft:raw_gold":9,"exdeorum:stone_pebble":238,"minecraft:iron_ore":2,"exdeorum:zinc_ore_chunk":23,"allthecompressed:cobblestone_1x":1,"xycraft_world:xychorium_gem_green":1,"minecraft:phantom_membrane":2,"minecraft:chest":1,"minecraft:oak_planks":19,"minecraft:oak_slab":2,"minecraft:stick":4,"minecraft:raw_iron":12,"exdeorum:deepslate_pebble":46,"exdeorum:lead_ore_chunk":1,"minecraft:torch":3,"exdeorum:flint_mesh":1,"integrateddynamics:squeezer":1,"minecraft:amethyst_shard":3,"minecraft:pointed_dripstone":7,"minecraft:gold_ore":6,"minecraft:redstone":2,"exdeorum:silver_ore_chunk":8,"exdeorum:silk_worm":6,"xycraft_world:xychorium_gem_light":2,"exdeorum:aluminum_ore_chunk":5,"minecraft:diamond":1,"exdeorum:diorite_pebble":39,"ae2:certus_quartz_dust":1,"minecraft:granite":64,"xycraft_world:xychorium_storage_light":7,"exdeorum:tin_ore_chunk":7,"everlastingabilities:ability_bottle":2,"minecraft:bone_meal":4,"exdeorum:andesite_pebble":36,"exdeorum:copper_ore_chunk":11,"minecraft:oak_button":1,"minecraft:oak_sapling":4,"alltheores:copper_ore_hammer":1,"minecraft:cobblestone":2,"minecraft:coal":22,"minecraft:oak_leaves":50,"minecraft:blaze_powder":2,"minecraft:sunflower":1},"minecraft:mined":{"minecraft:oak_slab":3,"xycraft_world:xychorium_storage_light":2,"exdeorum:infested_leaves":257,"minecraft:basalt":1,"minecraft:torch":2,"integrateddynamics:squeezer":1,"xycraft_world:xychorium_storage_dark":3,"minecraft:chest":1,"minecraft:oak_planks":21,"minecraft:wall_torch":1,"minecraft:oak_log":21,"minecraft:dirt":2,"minecraft:sunflower":1,"allthecompressed:cobblestone_1x":1,"minecraft:oak_button":1,"minecraft:oak_leaves":5},"minecraft:crafted":{"minecraft:oak_slab":11,"minecraft:oak_planks":36,"alltheores:silver_ore":2,"exdeorum:compressed_stone_hammer":1,"minecraft:stone_axe":1,"minecraft:air":291,"exdeorum:crook":2,"minecraft:white_wool":6,"minecraft:stick":19,"minecraft:iron_ingot":9,"minecraft:stone_pickaxe":1,"minecraft:wooden_axe":1,"minecraft:iron_ore":2,"minecraft:chest":4,"minecraft:oak_button":1,"minecraft:white_bed":2,"exdeorum:stone_hammer":9,"dankstorage:dank_1":1},"minecraft:dropped":{"xycraft_world:xychorium_gem_light":1,"exdeorum:basalt_pebble":13,"minecraft:iron_ingot":7,"minecraft:wheat_seeds":1,"exdeorum:deepslate_pebble":19,"minecraft:raw_copper":4,"minecraft:diamond":1,"minecraft:raw_iron":6,"exdeorum:zinc_ore_chunk":17,"minecraft:pointed_dripstone":1,"minecraft:oak_planks":2,"minecraft:granite":64,"exdeorum:silver_ore_chunk":1,"allthecompressed:gravel_1x":1,"exdeorum:iron_ore_chunk":2,"everlastingabilities:ability_bottle":1,"minecraft:coal":1,"minecraft:stick":1,"ae2:sky_dust":2,"minecraft:flint":8,"exdeorum:gold_ore_chunk":10,"exdeorum:nickel_ore_chunk":12,"minecraft:gunpowder":1,"exdeorum:silk_worm":6,"alltheores:copper_ore_hammer":1,"exdeorum:diorite_pebble":14,"exdeorum:granite_pebble":29,"exdeorum:blackstone_pebble":14,"exdeorum:andesite_pebble":17,"minecraft:string":126,"exdeorum:stone_pebble":102,"minecraft:oak_leaves":46,"xycraft_world:xychorium_storage_light":5,"xycraft_world:xychorium_storage_dark":5}},"DataVersion":3465}