{"stats":{"minecraft:broken":{"exdeorum:crook":2},"minecraft:custom":{"minecraft:mob_kills":1,"minecraft:interact_with_crafting_table":243,"minecraft:leave_game":2,"minecraft:time_since_death":72502,"minecraft:sprint_one_cm":51361,"minecraft:walk_one_cm":415570,"minecraft:drop":150,"minecraft:talked_to_villager":14,"minecraft:play_time":276724,"minecraft:deaths":8,"minecraft:sneak_time":21252,"minecraft:walk_under_water_one_cm":5400,"minecraft:jump":1058,"minecraft:walk_on_water_one_cm":2017,"minecraft:total_world_time":280684,"minecraft:interact_with_furnace":197,"tombstone:raider_killed":1,"minecraft:traded_with_villager":1,"minecraft:time_since_rest":72394,"minecraft:damage_taken":2537,"minecraft:use_wand":178,"minecraft:damage_dealt":2134,"minecraft:fly_one_cm":20570,"minecraft:player_kills":6,"minecraft:open_chest":161,"minecraft:crouch_one_cm":64711,"tombstone:undead_killed":1,"minecraft:fall_one_cm":72113},"minecraft:picked_up":{"exdeorum:gold_ore_chunk":211,"functionalstorage:oak_1":4,"minecraft:crafting_table":1,"minecraft:wheat":5,"exdeorum:dust":84,"allthecompressed:cobblestone_2x":1,"minecraft:clay_ball":294,"minecraft:enchanted_book":1,"exdeorum:iron_ore_chunk":367,"exdeorum:blackstone_pebble":725,"minecraft:string":153,"exdeorum:string_mesh":13,"minecraft:raw_copper":12,"exdeorum:granite_pebble":813,"minecraft:wooden_sword":1,"exdeorum:golden_mesh":2,"cobblefordays:tier_1":1,"mysticalagriculture:inferium_essence":1,"exdeorum:iron_mesh":3,"minecraft:bucket":1,"exdeorum:zinc_ore_chunk":225,"minecraft:iron_nugget":2,"exdeorum:compressed_stone_hammer":1,"allthecompressed:cobblestone_1x":64,"minecraft:phantom_membrane":1,"minecraft:furnace":3,"minecraft:stick":37,"minecraft:raw_iron":69,"minecraft:torch":14,"supplementaries:pedestal":4,"minecraft:pointed_dripstone":43,"tombstone:grave_dust":4,"minecraft:redstone":17,"exdeorum:silk_worm":13,"xycraft_world:xychorium_gem_blue":5,"ae2:certus_quartz_dust":6,"exdeorum:diorite_pebble":723,"exdeorum:tin_ore_chunk":258,"alltheores:iron_dust":52,"everlastingabilities:ability_bottle":4,"exdeorum:andesite_pebble":732,"minecraft:blaze_powder":4,"minecraft:cobblestone":19,"minecraft:stripped_oak_log":1,"exdeorum:osmium_ore_chunk":154,"exdeorum:random_pottery_sherd":1,"exdeorum:basalt_pebble":788,"minecraft:basalt":17,"enderio:grains_of_infinity":4,"forcecraft:force_gem":6,"minecraft:flint":229,"minecraft:oak_log":78,"minecraft:gunpowder":7,"minecraft:lapis_lazuli":236,"exdeorum:nickel_ore_chunk":218,"minecraft:dirt":2,"mekanism:salt":6,"ae2:sky_dust":11,"pipez:fluid_pipe":3,"minecraft:apple":1,"minecraft:wheat_seeds":28,"minecraft:raw_gold":26,"exdeorum:stone_pebble":4418,"minecraft:iron_ingot":28,"minecraft:iron_ore":1,"minecraft:glowstone_dust":11,"ironfurnaces:iron_furnace":1,"minecraft:oak_planks":20,"dankstorage:dank_1":1,"minecraft:oak_slab":23,"allthecompressed:sand_1x":1,"exdeorum:deepslate_pebble":839,"exdeorum:lead_ore_chunk":211,"allthecompressed:gravel_1x":1,"ae2:certus_quartz_crystal":1,"minecraft:gravel":2022,"exdeorum:flint_mesh":9,"minecraft:sand":108,"integrateddynamics:squeezer":1,"minecraft:amethyst_shard":121,"minecraft:white_bed":1,"exdeorum:silver_ore_chunk":202,"xycraft_world:xychorium_gem_dark":4,"minecraft:barrel":1,"forbidden_arcanus:arcane_crystal":4,"xycraft_world:xychorium_gem_light":3,"minecraft:clay":56,"exdeorum:aluminum_ore_chunk":183,"minecraft:diamond":86,"minecraft:granite":64,"minecraft:bone_meal":10,"exdeorum:copper_ore_chunk":185,"minecraft:emerald":84,"minecraft:oak_sapling":51,"minecraft:coal":270,"minecraft:oak_leaves":45,"minecraft:sunflower":1,"alltheores:copper_ore_hammer":1},"minecraft:killed_by":{"minecraft:player":6},"minecraft:killed":{"minecraft:phantom":1},"minecraft:used":{"cookingforblockheads:sink":1,"rftoolspower:coalgenerator":1,"minecraft:iron_sword":38,"exdeorum:crook":256,"allthecompressed:cobblestone_1x":290,"minecraft:torch":11,"minecraft:dirt":2,"exdeorum:silk_worm":2,"allthecompressed:cobblestone_2x":1,"minecraft:granite":1,"functionalstorage:simple_compacting_drawer":1,"integrateddynamics:squeezer":2,"minecraft:wooden_axe":75,"supplementaries:pedestal":1,"minecraft:lava_bucket":1,"cobblefordays:tier_5":1,"exdeorum:porcelain_crucible":1,"minecraft:basalt":1,"ironfurnaces:iron_furnace":2,"cobblefordays:tier_1":1,"constructionwand:diamond_wand":22,"minecraft:furnace":3,"minecraft:oak_sapling":20,"tombstone:gift":4,"minecraft:wheat_seeds":2,"exdeorum:oak_sieve":9,"pipez:fluid_pipe":2,"minecraft:water_bucket":1,"minecraft:iron_ore":4,"minecraft:stone_pickaxe":6,"minecraft:clay":32,"minecraft:gold_ore":1,"minecraft:sand":17,"minecraft:oak_slab":133,"minecraft:crafting_table":3,"minecraft:campfire":1,"minecraft:white_bed":1,"croptopia:scrambled_eggs":1,"exdeorum:dust":63,"minecraft:wooden_hoe":2,"exdeorum:oak_barrel":2,"minecraft:iron_pickaxe":6,"minecraft:sunflower":1,"allthecompressed:sand_1x":10,"allthecompressed:gravel_1x":12,"minecraft:gravel":2420,"croptopia:toast":1,"minecraft:wooden_sword":7,"exdeorum:oak_crucible":1,"ironfurnaces:emerald_furnace":1,"minecraft:bucket":2,"exdeorum:compressed_stone_hammer":308},"minecraft:dropped":{"exdeorum:basalt_pebble":20,"minecraft:gold_ore":6,"minecraft:iron_ingot":5,"minecraft:oak_slab":28,"minecraft:wheat_seeds":14,"minecraft:lapis_lazuli":3,"allthecompressed:cobblestone_1x":1,"exdeorum:deepslate_pebble":98,"pickletweaks:flint_shears":1,"exdeorum:zinc_ore_chunk":86,"exdeorum:copper_ore_chunk":13,"minecraft:cobblestone":56,"minecraft:granite":64,"exdeorum:iron_ore_chunk":44,"everlastingabilities:ability_bottle":3,"exdeorum:osmium_ore_chunk":11,"minecraft:coal":15,"minecraft:stick":18,"exdeorum:gold_ore_chunk":66,"alltheores:gold_dust":1,"exdeorum:dust":1,"minecraft:torch":7,"exdeorum:silk_worm":1,"alltheores:copper_ore_hammer":1,"tombstone:grave_dust":1,"exdeorum:granite_pebble":24,"minecraft:bone_meal":3,"minecraft:phantom_membrane":1,"mekanism:salt":1,"exdeorum:stone_pebble":30,"minecraft:bucket":1,"exdeorum:lead_ore_chunk":24,"xycraft_world:xychorium_gem_light":1,"minecraft:redstone":2,"minecraft:gravel":95,"minecraft:iron_nugget":1,"minecraft:raw_iron":3,"xycraft_world:xychorium_gem_blue":1,"minecraft:pointed_dripstone":1,"minecraft:oak_planks":5,"minecraft:clay_ball":172,"minecraft:glowstone_dust":4,"exdeorum:silver_ore_chunk":6,"supplementaries:pedestal":1,"ae2:sky_dust":2,"functionalstorage:oak_1":4,"exdeorum:nickel_ore_chunk":13,"minecraft:gunpowder":2,"exdeorum:tin_ore_chunk":19,"exdeorum:aluminum_ore_chunk":12,"minecraft:oak_sapling":5,"exdeorum:diorite_pebble":18,"minecraft:basalt":80,"minecraft:iron_ore":2,"exdeorum:andesite_pebble":11,"exdeorum:blackstone_pebble":6,"minecraft:raw_gold":2},"minecraft:crafted":{"minecraft:oak_planks":67,"functionalstorage:simple_compacting_drawer":1,"minecraft:barrel":6,"ironfurnaces:gold_furnace":1,"rftoolsbase:machine_frame":1,"minecraft:furnace":2,"alltheores:gold_dust":21,"ironfurnaces:iron_furnace":2,"minecraft:piston":1,"croptopia:toast":1,"exdeorum:diamond_mesh":10,"minecraft:stone":25,"exdeorum:unfired_porcelain_crucible":1,"allthecompressed:cobblestone_1x":110,"ironfurnaces:diamond_furnace":1,"allthecompressed:gravel_1x":23,"ironfurnaces:emerald_furnace":1,"alltheores:copper_ore_hammer":1,"minecraft:terracotta":17,"minecraft:glass":9,"exdeorum:string_mesh":9,"allthecompressed:sand_1x":7,"minecraft:stone_pickaxe":1,"minecraft:chest":2,"minecraft:copper_block":2,"exdeorum:stone_hammer":9,"exdeorum:iron_mesh":9,"exdeorum:porcelain_crucible":1,"dankstorage:dank_1":7,"cobblefordays:tier_2":1,"constructionwand:diamond_wand":1,"integrateddynamics:squeezer":1,"exdeorum:golden_mesh":9,"rftoolspower:coalgenerator":1,"minecraft:oak_slab":26,"exdeorum:oak_barrel":2,"minecraft:crafting_table":2,"minecraft:gold_ore":36,"pickletweaks:flint_shears":1,"minecraft:gravel":8,"minecraft:moss_block":2,"minecraft:copper_ingot":18,"minecraft:gold_block":1,"exdeorum:compressed_stone_hammer":7,"minecraft:copper_ore":12,"minecraft:bucket":2,"functionalstorage:oak_2":2,"minecraft:campfire":1,"minecraft:bread":1,"cobblefordays:tier_3":1,"minecraft:air":1084,"cobblefordays:tier_1":2,"cobblefordays:tier_5":1,"exdeorum:crook":2,"exdeorum:oak_crucible":1,"minecraft:blue_dye":2,"exdeorum:porcelain_clay_ball":7,"minecraft:gold_nugget":1,"minecraft:cobblestone":35,"exdeorum:flint_mesh":9,"minecraft:stick":19,"minecraft:iron_pickaxe":1,"minecraft:iron_ingot":66,"minecraft:iron_block":1,"allthecompressed:cobblestone_2x":1,"minecraft:iron_ore":87,"minecraft:gold_ingot":23,"exdeorum:oak_sieve":9,"alltheores:iron_dust":53,"minecraft:redstone_torch":2,"cookingforblockheads:sink":1,"cobblefordays:tier_4":1},"minecraft:mined":{"minecraft:white_bed":1,"minecraft:oak_sapling":1,"allthecompressed:cobblestone_2x":1,"integrateddynamics:squeezer":1,"cobblefordays:tier_1":1,"allthecompressed:sand_1x":10,"minecraft:furnace":3,"minecraft:iron_ore":3,"pipez:fluid_pipe":2,"minecraft:stripped_oak_log":1,"minecraft:oak_slab":11,"exdeorum:infested_leaves":211,"ironfurnaces:iron_furnace":1,"minecraft:crafting_table":1,"minecraft:clay":31,"minecraft:torch":2,"allthecompressed:gravel_1x":7,"minecraft:oak_planks":1,"minecraft:wall_torch":1,"minecraft:wheat":1,"exdeorum:dust":2,"minecraft:oak_log":33,"minecraft:sunflower":1,"minecraft:gravel":4,"minecraft:dirt":4,"allthecompressed:cobblestone_1x":287,"minecraft:oak_leaves":114}},"DataVersion":3465}