{"stats":{"minecraft:used":{"minecraft:chest":8,"minecraft:iron_sword":24,"exdeorum:crook":256,"allthecompressed:cobblestone_1x":1,"minecraft:torch":6,"minecraft:dirt":7,"alltheores:silver_ore":1,"xycraft_world:xychorium_storage_dark":3,"integrateddynamics:squeezer":1,"minecraft:wooden_axe":3,"minecraft:lava_bucket":3,"exdeorum:stone_hammer":1,"minecraft:oak_sapling":13,"tombstone:gift":4,"minecraft:cooked_beef":4,"minecraft:water_bucket":45,"minecraft:stone_pickaxe":15,"minecraft:oak_planks":54,"minecraft:oak_leaves":5,"xycraft_world:xychorium_storage_light":2,"minecraft:oak_slab":149,"minecraft:white_bed":2,"exdeorum:dust":9,"minecraft:sunflower":1,"minecraft:oak_button":2,"minecraft:iron_pickaxe":6,"minecraft:stone_axe":108,"minecraft:wooden_sword":4,"minecraft:cobblestone":2,"minecraft:bucket":94,"exdeorum:compressed_stone_hammer":11},"minecraft:killed":{"minecraft:phantom":2,"minecraft:wandering_trader":1,"minecraft:trader_llama":4},"minecraft:broken":{"exdeorum:crook":2},"minecraft:killed_by":{"minecraft:player":6,"minecraft:phantom":1},"minecraft:custom":{"minecraft:mob_kills":7,"minecraft:interact_with_crafting_table":50,"minecraft:leave_game":6,"minecraft:time_since_death":3335,"minecraft:damage_resisted":0,"minecraft:sprint_one_cm":73333,"minecraft:walk_one_cm":346552,"minecraft:drop":133,"minecraft:talked_to_villager":34,"minecraft:play_time":191122,"minecraft:deaths":11,"minecraft:sneak_time":15214,"minecraft:walk_under_water_one_cm":22428,"minecraft:jump":869,"minecraft:walk_on_water_one_cm":5693,"minecraft:total_world_time":191122,"minecraft:interact_with_furnace":47,"tombstone:raider_killed":2,"minecraft:sleep_in_bed":1,"minecraft:time_since_rest":3175,"minecraft:damage_taken":3673,"minecraft:damage_dealt":3616,"minecraft:swim_one_cm":28358,"minecraft:fly_one_cm":37712,"minecraft:player_kills":6,"minecraft:open_chest":155,"minecraft:crouch_one_cm":44453,"tombstone:undead_killed":2,"tombstone:villager_killed":1,"minecraft:fall_one_cm":401656},"minecraft:picked_up":{"exdeorum:gold_ore_chunk":21,"minecraft:clay_ball":8,"minecraft:lead":4,"exdeorum:iron_ore_chunk":25,"exdeorum:blackstone_pebble":31,"minecraft:string":122,"exdeorum:string_mesh":1,"minecraft:raw_copper":4,"exdeorum:granite_pebble":43,"minecraft:wooden_sword":1,"mysticalagriculture:inferium_essence":2,"minecraft:bucket":1,"exdeorum:zinc_ore_chunk":23,"allthecompressed:cobblestone_1x":1,"minecraft:chest":2,"xycraft_world:xychorium_gem_green":1,"minecraft:phantom_membrane":3,"minecraft:stick":6,"minecraft:raw_iron":13,"minecraft:torch":5,"supplementaries:pedestal":1,"minecraft:pointed_dripstone":7,"minecraft:redstone":2,"exdeorum:silk_worm":6,"ae2:certus_quartz_dust":1,"exdeorum:diorite_pebble":41,"xycraft_world:xychorium_storage_light":7,"exdeorum:tin_ore_chunk":7,"everlastingabilities:ability_bottle":2,"exdeorum:andesite_pebble":38,"minecraft:cobblestone":28,"minecraft:blaze_powder":2,"exdeorum:osmium_ore_chunk":3,"exdeorum:basalt_pebble":38,"alltheores:gold_dust":1,"rftoolspower:coalgenerator":1,"minecraft:leather":2,"enderio:grains_of_infinity":2,"minecraft:flint":11,"minecraft:oak_log":92,"minecraft:gunpowder":3,"minecraft:lapis_lazuli":7,"exdeorum:nickel_ore_chunk":16,"minecraft:dirt":17,"pickletweaks:flint_shears":1,"xycraft_world:xychorium_storage_dark":8,"ae2:sky_dust":4,"minecraft:apple":1,"minecraft:raw_gold":14,"exdeorum:stone_pebble":264,"minecraft:iron_ore":2,"minecraft:oak_planks":30,"minecraft:oak_slab":6,"exdeorum:deepslate_pebble":49,"exdeorum:lead_ore_chunk":1,"minecraft:gravel":27,"minecraft:sand":27,"exdeorum:flint_mesh":1,"integrateddynamics:squeezer":1,"minecraft:amethyst_shard":3,"minecraft:gold_ore":6,"exdeorum:silver_ore_chunk":9,"xycraft_world:xychorium_gem_light":2,"minecraft:clay":3,"exdeorum:aluminum_ore_chunk":5,"minecraft:diamond":1,"minecraft:granite":64,"minecraft:bone_meal":4,"alltheores:raw_silver":1,"exdeorum:copper_ore_chunk":12,"minecraft:oak_button":1,"minecraft:oak_sapling":12,"minecraft:coal":22,"minecraft:oak_leaves":50,"minecraft:sunflower":1,"alltheores:copper_ore_hammer":2},"minecraft:mined":{"xycraft_world:xychorium_storage_light":2,"integrateddynamics:squeezer":1,"supplementaries:pedestal":1,"minecraft:iron_ore":1,"rftoolspower:coalgenerator":1,"alltheores:silver_ore":1,"minecraft:oak_slab":9,"exdeorum:infested_leaves":257,"minecraft:basalt":1,"minecraft:clay":1,"minecraft:torch":4,"allthecompressed:gravel_1x":5,"xycraft_world:xychorium_storage_dark":3,"minecraft:chest":2,"minecraft:cobblestone":2,"minecraft:oak_planks":33,"minecraft:wall_torch":1,"minecraft:oak_log":25,"minecraft:sunflower":1,"minecraft:dirt":9,"allthecompressed:cobblestone_1x":4,"minecraft:oak_button":1,"minecraft:gold_ore":1,"minecraft:oak_leaves":14},"minecraft:crafted":{"minecraft:oak_planks":101,"alltheores:gold_dust":4,"alltheores:silver_ore":2,"alltheores:silver_ingot":2,"minecraft:stone_pickaxe":1,"minecraft:chest":6,"minecraft:oak_button":1,"alltheores:silver_dust":2,"exdeorum:stone_hammer":9,"dankstorage:dank_1":1,"minecraft:oak_slab":25,"minecraft:gold_ore":2,"exdeorum:compressed_stone_hammer":1,"minecraft:bucket":2,"minecraft:stone_axe":4,"minecraft:air":391,"exdeorum:crook":2,"minecraft:white_wool":6,"minecraft:stick":19,"minecraft:iron_ingot":25,"minecraft:iron_pickaxe":1,"minecraft:wooden_axe":1,"minecraft:iron_ore":2,"minecraft:gold_ingot":19,"alltheores:iron_dust":2,"minecraft:white_bed":2},"minecraft:dropped":{"exdeorum:basalt_pebble":15,"minecraft:iron_ingot":17,"minecraft:clay":5,"minecraft:wheat_seeds":1,"exdeorum:deepslate_pebble":22,"minecraft:diamond":3,"exdeorum:zinc_ore_chunk":17,"exdeorum:copper_ore_chunk":1,"minecraft:cobblestone":2,"minecraft:granite":64,"allthecompressed:gravel_1x":1,"exdeorum:iron_ore_chunk":3,"everlastingabilities:ability_bottle":1,"minecraft:coal":1,"minecraft:stick":1,"minecraft:flint":8,"exdeorum:gold_ore_chunk":10,"minecraft:lava_bucket":1,"minecraft:dirt":6,"exdeorum:silk_worm":6,"alltheores:copper_ore_hammer":2,"tombstone:grave_dust":3,"minecraft:wooden_sword":1,"exdeorum:granite_pebble":29,"minecraft:sand":27,"minecraft:string":126,"exdeorum:stone_pebble":104,"minecraft:bucket":1,"minecraft:redstone":4,"xycraft_world:xychorium_storage_dark":5,"xycraft_world:xychorium_storage_light":5,"xycraft_world:xychorium_gem_light":1,"minecraft:gravel":27,"minecraft:raw_copper":4,"minecraft:pointed_dripstone":1,"minecraft:raw_iron":6,"minecraft:clay_ball":2,"minecraft:oak_planks":10,"supplementaries:pedestal":2,"exdeorum:silver_ore_chunk":2,"ae2:sky_dust":2,"pipez:fluid_pipe":1,"exdeorum:nickel_ore_chunk":12,"minecraft:gunpowder":1,"mysticalagriculture:inferium_essence":2,"minecraft:oak_sapling":19,"exdeorum:diorite_pebble":16,"exdeorum:blackstone_pebble":17,"exdeorum:andesite_pebble":19,"minecraft:oak_leaves":46}},"DataVersion":3465}