{
	"credit": "Made with Blockbench",
	"textures": {
		"0": "forcecraft:block/infuser_model",
		"particle": "forcecraft:block/infuser_model"
	},
	"elements": [
		{
			"name": "leg01",
			"from": [2, 0, 2],
			"to": [4, 5, 4],
			"faces": {
				"north": {"uv": [8, 5.5, 9, 8], "texture": "#0"},
				"east": {"uv": [13.5, 5.5, 14.5, 8], "texture": "#0"},
				"south": {"uv": [8, 5.5, 9, 8], "texture": "#0"},
				"west": {"uv": [9, 5.5, 10, 8], "texture": "#0"},
				"up": {"uv": [0, 0, 1, 1], "texture": "#0"},
				"down": {"uv": [10.5, 0, 11.5, 1], "texture": "#0"}
			}
		},
		{
			"name": "leg02",
			"from": [12, 0, 2],
			"to": [14, 5, 4],
			"faces": {
				"north": {"uv": [12, 5.5, 13, 8], "texture": "#0"},
				"east": {"uv": [15, 5.5, 16, 8], "texture": "#0"},
				"south": {"uv": [14, 5.5, 15, 8], "texture": "#0"},
				"west": {"uv": [13, 5.5, 14, 8], "texture": "#0"},
				"up": {"uv": [0, 0, 1, 1], "texture": "#0"},
				"down": {"uv": [10.5, 0, 11.5, 1], "texture": "#0"}
			}
		},
		{
			"name": "leg03",
			"from": [12, 0, 12],
			"to": [14, 5, 14],
			"faces": {
				"north": {"uv": [8, 5.5, 9, 8], "texture": "#0"},
				"east": {"uv": [12, 5.5, 13, 8], "texture": "#0"},
				"south": {"uv": [9.5, 5.5, 10.5, 8], "texture": "#0"},
				"west": {"uv": [9, 5.5, 10, 8], "texture": "#0"},
				"up": {"uv": [0, 0, 1, 1], "texture": "#0"},
				"down": {"uv": [10.5, 0, 11.5, 1], "texture": "#0"}
			}
		},
		{
			"name": "leg04",
			"from": [2, 0, 12],
			"to": [4, 5, 14],
			"faces": {
				"north": {"uv": [12, 5.5, 13, 8], "texture": "#0"},
				"east": {"uv": [15, 5.5, 16, 8], "texture": "#0"},
				"south": {"uv": [14, 5.5, 15, 8], "texture": "#0"},
				"west": {"uv": [13, 5.5, 14, 8], "texture": "#0"},
				"up": {"uv": [0, 0, 1, 1], "texture": "#0"},
				"down": {"uv": [10.5, 0, 11.5, 1], "texture": "#0"}
			}
		},
		{
			"name": "middle",
			"from": [2, 5, 2],
			"to": [14, 10, 14],
			"faces": {
				"north": {"uv": [8, 0, 14, 2.5], "texture": "#0"},
				"east": {"uv": [10, 0, 16, 2.5], "texture": "#0"},
				"south": {"uv": [8, 0, 14, 2.5], "texture": "#0"},
				"west": {"uv": [10, 0, 16, 2.5], "texture": "#0"},
				"up": {"uv": [1, 9, 7, 15], "texture": "#0"},
				"down": {"uv": [1, 1, 7, 7], "texture": "#0"}
			}
		},
		{
			"name": "top",
			"from": [3, 10, 3],
			"to": [13, 11, 13],
			"faces": {
				"north": {"uv": [10.5, 15.5, 15.5, 16], "texture": "#0"},
				"east": {"uv": [9.5, 8, 14.5, 8.5], "texture": "#0"},
				"south": {"uv": [9, 14, 14, 14.5], "texture": "#0"},
				"west": {"uv": [10.5, 9, 15.5, 9.5], "texture": "#0"},
				"up": {"uv": [9.5, 9.5, 14.5, 14.5], "texture": "#0"},
				"down": {"uv": [1, 1, 7, 7], "texture": "#0"}
			}
		}
	],
	"display": {
		"thirdperson_righthand": {
			"rotation": [75, 45, 0],
			"translation": [0, 2.5, 0],
			"scale": [0.375, 0.375, 0.375]
		},
		"thirdperson_lefthand": {
			"rotation": [75, 45, 0],
			"translation": [0, 2.5, 0],
			"scale": [0.375, 0.375, 0.375]
		},
		"firstperson_righthand": {
			"rotation": [0, 45, 0],
			"scale": [0.4, 0.4, 0.4]
		},
		"firstperson_lefthand": {
			"rotation": [0, 225, 0],
			"scale": [0.4, 0.4, 0.4]
		},
		"ground": {
			"translation": [0, 3, 0],
			"scale": [0.25, 0.25, 0.25]
		},
		"gui": {
			"rotation": [30, 225, 0],
			"scale": [0.625, 0.625, 0.625]
		},
		"head": {
			"translation": [0, 13, 0]
		},
		"fixed": {
			"rotation": [-90, 0, 0],
			"translation": [0, 0, -3.75],
			"scale": [0.5, 0.5, 0.5]
		}
	}
}